HRV_ULF,HRV_VLF,HRV_LF,HRV_HF,HRV_VHF,HRV_TP,HRV_LFHF,HRV_LFn,HRV_HFn,HRV_LnHF,category,name,set,channel
,0.03511822132359995,0.01371522873478224,0.001681500503274512,9.784524984237742e-08,0.05051504840690654,8.156541558015324,0.27150778168723005,0.03328712049783195,-6.388068727483065,before_GA,GA-2022-12-19,offset,2
,0.04398117371949716,0.02899540200668084,0.0067517337886001715,4.0846708731761006e-07,0.07972871798186548,4.2945120341737315,0.3636757587557839,0.08468383738637152,-4.997955949509561,before_GA,GA-2022-12-19,offset,2
,0.03251736371972172,0.023450350825862405,0.003385990728918829,3.421688280872723e-07,0.05935404744333103,6.92569847447582,0.39509269941956193,0.05704734343772669,-5.688108733337899,before_GA,GA-2022-12-19,offset,2
,0.02504684629503129,0.01353661158887217,0.005403760264112367,3.735436275192911e-07,0.04398759169164334,2.50503555436609,0.3077370473874755,0.12284737709654972,-5.220660222541745,before_GA,GA-2022-12-19,offset,2
,0.013133219109772661,0.016392705873614993,0.004526124771876803,1.4631604378038797e-07,0.03405219607130824,3.621797166412978,0.48139937404586924,0.13291726508324772,-5.397889164347682,before_GA,GA-2022-12-19,offset,2
,0.029735549359342597,0.11830206123571593,0.1126930387754522,6.044894640368977e-06,0.26073669426515106,1.0497725726558857,0.4537223330576209,0.43221012329339126,-2.1830876275863287,before_GA,GA-2022-12-19,offset,2
,0.0109288439892168,0.07538490971428076,0.06077586361588001,3.889015227141822e-06,0.14709350633460472,1.2403757878412702,0.5124965173023819,0.413178427317033,-2.80056254882941,before_GA,GA-2022-12-19,onset,2
,0.01453406475970043,0.03701027370261574,0.053030370362133636,0.0004814037277788834,0.10505611255222869,0.6979071322693032,0.3522905312550573,0.5047813884772251,-2.936890503845915,before_GA,GA-2022-12-19,onset,2
,0.01697997900058869,0.014720255148662407,0.0040143044053732755,7.853684185777272e-07,0.03571532392304295,3.66695040091102,0.41215516287576315,0.11239725597961919,-5.517891195565781,before_GA,GA-2022-12-19,onset,2
,0.013516566457003436,0.13872765464974865,0.23542762374407286,0.0007579341782198881,0.38842977902904485,0.5892581866287526,0.35714989462580643,0.6061008616089364,-1.446351742935049,before_GA,GA-2022-12-19,onset,2
,0.01377279504044383,0.06948169917322192,0.07990730483618688,0.0006748857675957141,0.16383668481744834,0.869528753543398,0.4240912177308792,0.48772535238504094,-2.5268880056556418,before_GA,GA-2022-12-19,onset,2
,0.00423442805915548,0.0071284438421283835,0.004715645550670477,1.2426779927013092e-05,0.016090944231881357,1.5116581103333457,0.4430096667667665,0.2930620778193526,-5.356869458022492,before_GA,GA-2022-12-19,onset,2
,0.01287667183730474,0.013740370254012802,0.011195222826670227,7.348742627128542e-08,0.03781233840541404,1.2273422750710514,0.3633832456139616,0.29607327393079913,-4.492268125005321,after_GA,GA-2022-12-19,offset,2
,0.004406488627488225,0.011702778424982936,0.005379139271165798,3.7365928013836543e-08,0.021488443689564974,2.1755856903936683,0.544608003913561,0.25032707574713603,-5.225226904379849,after_GA,GA-2022-12-19,offset,2
,0.0256684719716124,0.007355134061437023,0.00422814737800132,5.267801820612763e-06,0.037257021212871354,1.7395642592084515,0.19741605265254034,0.11348592132053227,-5.465991353965452,after_GA,GA-2022-12-19,offset,2
,0.05398703365980075,0.041265586185551414,0.025069600673068956,1.0629663300185658e-06,0.12032328348475113,1.64604082544805,0.3429559515867193,0.20835203251618453,-3.6860992954162994,after_GA,GA-2022-12-19,offset,2
,0.07275637993958363,0.139364399762338,0.07840494485671608,2.701658333764267e-06,0.29052842621697145,1.7774950293890832,0.4796928189679393,0.26987013242608476,-2.5458682814627487,after_GA,GA-2022-12-19,offset,2
,0.00851116397647859,0.01904945496316472,0.034697044046856,3.1536633026384274e-07,0.06225797835282958,0.5490224163603021,0.3059761249426908,0.5573108052147191,-3.361100781627422,after_GA,GA-2022-12-19,offset,2
,0.058900307940220165,0.024462667113108086,0.011688462419683064,9.211507055035646e-06,0.09506064898006635,2.092890085518314,0.25733747218828434,0.12295794889990774,-4.449153041688444,after_GA,GA-2022-12-19,onset,2
,0.007091862435657945,0.011559324929677501,0.015006006338463568,4.0261081853920776e-05,0.03369745478565293,0.7703132111872102,0.3430325822292968,0.4453157199532038,-4.19930473546341,after_GA,GA-2022-12-19,onset,2
,0.011100394239164044,0.02097460105086444,0.00977621833118361,3.387019480709699e-05,0.04188508381601919,2.145471831777824,0.5007654071553411,0.2334057244370283,-4.627802543416072,after_GA,GA-2022-12-19,onset,2
,0.0067073964873956326,0.004181590069109144,0.001649428255332909,1.4371722222015924e-07,0.012538558529059905,2.5351754801030504,0.33349846869699656,0.13154847517042112,-6.407326563038224,after_GA,GA-2022-12-19,onset,2
,0.02015438767453972,0.049329155991579055,0.01748458142160646,3.928209589017957e-06,0.08697205329731425,2.8212946482448165,0.5671839875154744,0.2010367785826024,-4.0464358480380795,after_GA,GA-2022-12-19,onset,2
,0.007752935179955914,0.06817313105872329,0.08236384151817833,1.8768492519175804e-06,0.15829178460610946,0.82770703505466,0.4306801596075509,0.5203292244327846,-2.4966087549018208,after_GA,GA-2022-12-19,onset,2
,0.0068049126690242455,0.00381324005210262,0.0012477670471276834,1.062894912103291e-08,0.011865930397203671,3.0560512564268842,0.32136039269211025,0.10515543285351922,-6.686399687413608,before_GA,GA-2023-01-16,onset,2
,0.053869347555109526,0.1237052010471613,0.027373154239325837,5.084633309018777e-06,0.20495278747490572,4.519216162141787,0.6035790123728261,0.13355834080898943,-3.5981925181661008,before_GA,GA-2023-01-16,onset,2
,0.013196584971616842,0.014097072736473149,0.004390237432385635,5.198821413104318e-07,0.03168441502261693,3.211004633253483,0.4449213509673571,0.1385614166855156,-5.428371968531703,before_GA,GA-2023-01-16,onset,2
,0.009859418713179566,0.015958449117733763,0.007910775464330997,3.0264105496063998e-06,0.03373166970579393,2.0173052805870966,0.47309988675101533,0.2345207199444444,-4.839529466062019,before_GA,GA-2023-01-16,onset,2
,0.027122389228897637,0.02006214854858243,0.012520592762234386,0.00010934295019179887,0.05981447348990625,1.6023321682576794,0.3354062550089643,0.2093237979324059,-4.380380569204545,before_GA,GA-2023-01-16,onset,2
,0.02592397865330451,0.04466955823354305,0.04434129447176298,9.115544807112988e-07,0.11493574291309126,1.007403116343144,0.3886481011161164,0.3857920377762005,-3.115838880999028,before_GA,GA-2023-01-16,onset,2
,0.028522589005714322,0.016833144055182096,0.008088899529417548,1.4823463336367426e-05,0.05345945605365034,2.0810178187976813,0.3148768299903547,0.15130905038202722,-4.81726258566661,before_GA,GA-2023-01-16,offset,2
,0.013144684998385925,0.03057014386903828,0.02218240301884256,4.40407001446929e-07,0.06589767229326822,1.378125888483356,0.463903242788155,0.33661891606918876,-3.808455961231314,before_GA,GA-2023-01-16,offset,2
,0.00401113591167811,0.005729882750873077,0.0015915446044386394,1.416528999371379e-07,0.011332704919889764,3.6002024290698964,0.5056059247441177,0.14043819332535137,-6.443050284969054,before_GA,GA-2023-01-16,offset,2
,0.01740413049207512,0.039808426500894334,0.008872448453659835,9.069930597626681e-08,0.06608509614593527,4.486746438574527,0.6023813056575669,0.13425793365068073,-4.7248044831353555,before_GA,GA-2023-01-16,offset,2
,0.028777886513257248,0.04171082246046213,0.012606943562945042,2.3182101921906496e-06,0.08309797074685661,3.3085594658375928,0.5019475455968333,0.15171181016381113,-4.3735075403873465,before_GA,GA-2023-01-16,offset,2
,0.015392374212981513,0.02812375223511577,0.008347751848448604,1.0622303077950015e-06,0.051864940526853684,3.3690211143905118,0.5422497731498287,0.16095172892614149,-4.785763016077644,before_GA,GA-2023-01-16,offset,2
,0.013946698164636978,0.012748589634839649,0.007739068640360513,9.633598154290366e-07,0.034435319799652565,1.647302825091079,0.3702184184439686,0.22474217418008693,-4.861473929323597,after_GA,GA-2023-01-16,offset,2
,0.017043017967383025,0.19828905672839925,0.12330919035826432,6.7363281258481735e-06,0.33864800138217244,1.6080638933098768,0.5855314542507082,0.3641220082651748,-2.0930603350261734,after_GA,GA-2023-01-16,offset,2
,0.023227600574506083,0.015800707797442384,0.005041248894027854,1.3537511552478477e-07,0.044069692641091854,3.1342844064217474,0.35853909683747937,0.11439264927677867,-5.2901014311612276,after_GA,GA-2023-01-16,offset,2
,0.033417262656973,0.15483094506508221,0.03005902407669572,7.990915119706973e-06,0.21831522271387066,5.150897270318239,0.7092081951060623,0.1376863404348666,-3.5045923610294545,after_GA,GA-2023-01-16,offset,2
,0.03408481306978635,0.07681799323983808,0.02284051207978151,1.594826262062498e-06,0.133744913215668,3.3632342817671588,0.5743619805260674,0.17077667875824515,-3.7792194741399885,after_GA,GA-2023-01-16,offset,2
,0.01481689963860407,0.005787061930023389,0.0021269839286547393,5.30992267807014e-06,0.02273625541996027,2.720783101395388,0.2545301248218253,0.09355031817541291,-6.153050298667177,after_GA,GA-2023-01-16,offset,2
,0.045440034592651474,0.03496184478255791,0.011809359379242951,9.209462973518292e-06,0.09222044821742585,2.96052001296612,0.37911163368160217,0.12805575777944952,-4.438862894169358,after_GA,GA-2023-01-16,onset,2
,0.031213323349737632,0.0751290342695051,0.0390971300556732,2.1327700773512255e-06,0.14544162044499329,1.9215997226017225,0.5165580116588377,0.26881665603045124,-3.241706214795397,after_GA,GA-2023-01-16,onset,2
,0.02717406612458786,0.028911659085614463,0.009733115665936758,6.129870242156493e-06,0.06582497074638123,2.970442361719522,0.43922023447619835,0.1478635775386477,-4.632221221714757,after_GA,GA-2023-01-16,onset,2
,0.04591891661873933,0.045707314046627444,0.023519986373617487,4.516385363016741e-05,0.11519138089261442,1.9433393081340224,0.3967945665069981,0.20418182498865667,-3.749904735304877,after_GA,GA-2023-01-16,onset,2
,0.01819125093423018,0.015260126712663424,0.012172434571793532,2.3280772722608584e-07,0.04562404502641436,1.25366266071578,0.33447553157175053,0.26679867084880826,-4.408581345005574,after_GA,GA-2023-01-16,onset,2
,0.006845962680898043,0.007352664932394645,0.0031294820121998287,1.3913327594491726e-07,0.017328248758768462,2.349483046629236,0.4243166770487433,0.18060001652597724,-5.766887779435232,after_GA,GA-2023-01-16,onset,2
,0.0045396503537651015,0.00543905083624923,0.0032486265367081555,5.4815490166291416e-08,0.013227382542212654,1.6742616532833716,0.41119630576129046,0.2455985926422546,-5.729522976052563,before_GA,GA-2023-02-08,onset,2
,0.012516429189468964,0.06401895277042548,0.09884826419180019,1.2774665498414027e-06,0.17538492361824448,0.6476487300394707,0.3650197032315831,0.5636075333759045,-2.3141692895419443,before_GA,GA-2023-02-08,onset,2
,0.014387141901960002,0.11974234001891924,0.15924671443141764,1.7298683611473603e-06,0.29337792622065806,0.7519297364875203,0.4081504752639691,0.5428040087502819,-1.837300616256558,before_GA,GA-2023-02-08,onset,2
,0.014387141901960002,0.11974234001891924,0.15924671443141764,1.7298683611473603e-06,0.29337792622065806,0.7519297364875203,0.4081504752639691,0.5428040087502819,-1.837300616256558,before_GA,GA-2023-02-08,onset,2
,0.014387141901960002,0.11974234001891924,0.15924671443141764,1.7298683611473603e-06,0.29337792622065806,0.7519297364875203,0.4081504752639691,0.5428040087502819,-1.837300616256558,before_GA,GA-2023-02-08,onset,2
,0.0431055200786801,0.0748965624626031,0.10319507426360898,2.2214997941405818e-06,0.2211993783046863,0.7257765256438683,0.3385930061676685,0.46652515506379566,-2.2711341570775767,before_GA,GA-2023-02-08,onset,2
,0.0067358666436566255,0.0022830452594264365,0.0008375099759375679,3.991318748342002e-08,0.009856461792208115,2.725991719526247,0.23162929127684187,0.08497065109100807,-7.085077382768749,before_GA,GA-2023-02-08,offset,2
,0.025658647981471744,0.07174102890509018,0.023569084298447583,3.4770745872989467e-07,0.12096910889246824,3.0438615262543536,0.5930524706837524,0.1948355618573548,-3.7478194130880014,before_GA,GA-2023-02-08,offset,2
,0.025658647981471744,0.07174102890509018,0.023569084298447583,3.4770745872989467e-07,0.12096910889246824,3.0438615262543536,0.5930524706837524,0.1948355618573548,-3.7478194130880014,before_GA,GA-2023-02-08,offset,2
,0.025658647981471744,0.07174102890509018,0.023569084298447583,3.4770745872989467e-07,0.12096910889246824,3.0438615262543536,0.5930524706837524,0.1948355618573548,-3.7478194130880014,before_GA,GA-2023-02-08,offset,2
,0.04650005163471112,0.07131804575990605,0.04096652855081633,3.702012279076679e-06,0.15878832795771258,1.7408857494830352,0.44913909402017876,0.25799458359260674,-3.1949999225042096,before_GA,GA-2023-02-08,offset,2
,0.03454509175011357,0.009128659598137088,0.0027246473661174542,2.0775294252844205e-06,0.04640047624379339,3.3504003900310853,0.19673633413101344,0.058720245710450175,-5.9054162661701035,before_GA,GA-2023-02-08,offset,2
,0.017504966764725176,0.04149582996122195,0.01912244945384583,9.21017161432975e-06,0.07813245635140728,2.170005995381333,0.5310959350182333,0.24474399432472732,-3.9568922700534395,after_GA,GA-2023-02-08,onset,2
,0.009004869418264276,0.008301773495117886,0.002672501717359939,6.723679366039392e-06,0.01998586831010814,3.1063678803989268,0.4153821773617484,0.13371957004281285,-5.924740272461,after_GA,GA-2023-02-08,onset,2
,0.01948207562987838,0.09102547178288406,0.06245007105502739,1.1946674396557893e-06,0.1729588131352295,1.4575719490003092,0.5262840911825344,0.361069030961725,-2.773387904620527,after_GA,GA-2023-02-08,onset,2
,0.0038264925861590886,0.004142064860259564,0.0021770473304990544,2.430295173296971e-06,0.010148035072091005,1.9026067105808213,0.40816422399357066,0.21452895216004347,-6.12978575580894,after_GA,GA-2023-02-08,onset,2
,0.009277069847016484,0.01615912561304061,0.05461552052567229,1.0055258393367369e-06,0.08005272151156873,0.29587057776818104,0.2018560432165369,0.6822443946241052,-2.907437177913184,after_GA,GA-2023-02-08,onset,2
,0.010502824215834254,0.009261621235502521,0.005091183846980344,1.559832884737083e-07,0.02485578528160559,1.819148849043376,0.3726143081207151,0.20482892772444616,-5.280244892559116,after_GA,GA-2023-02-08,onset,2
,0.006082117861375857,0.0028137841405870972,0.002470709540282545,2.266862833632601e-05,0.011389280170581826,1.1388567108804375,0.24705548537255395,0.21693289683612443,-6.00324990632216,after_GA,GA-2023-02-08,offset,2
,0.01959672073913071,0.025819448223607353,0.005302981190399843,1.4034011403406803e-06,0.05072055355427824,4.8688553280839715,0.5090529659929056,0.10455290446948483,-5.239486127806876,after_GA,GA-2023-02-08,offset,2
,0.048233470474265336,0.06611632512228657,0.0723330835881515,3.5849706939531737e-07,0.1866832376817728,0.9140537336792971,0.35416315863875747,0.3874642655997491,-2.626473666814114,after_GA,GA-2023-02-08,offset,2
,0.022139319991629897,0.0140632360912275,0.003347794865699906,1.2502004408965372e-06,0.0395516011489982,4.200746059835829,0.35556679584850903,0.08464372537253659,-5.699453398930987,after_GA,GA-2023-02-08,offset,2
,0.01417784956295268,0.011199470038846656,0.011790156426503525,9.989030103290518e-08,0.03716757591860389,0.9499000381089904,0.30132366079975814,0.31721617929357804,-4.440490296793687,after_GA,GA-2023-02-08,offset,2
,0.01731573376196924,0.02876190146068846,0.011220653445843212,1.8359082424887626e-05,0.057316647750925806,2.5633000430419277,0.5018071117082015,0.19576604505210218,-4.4899991412034685,after_GA,GA-2023-02-08,offset,2
,0.029914827911315625,0.02539294057189516,0.022714438887132673,9.966724367799169e-05,0.07812187461402145,1.1179206626266172,0.32504264263184474,0.2907564494497658,-3.7847544823812846,before_GA,GA-2023-05-09,offset,5
,0.01432166838619131,0.016738825586325855,0.004970061281423103,2.9138101142768722e-08,0.03603058439204141,3.367931427504037,0.46457269202725443,0.13794006856355379,-5.304323108683399,before_GA,GA-2023-05-09,offset,5
,0.03936261662832965,0.09348155472367205,0.02880822161643811,4.5406732240938983e-07,0.16165284703576221,3.2449609687232837,0.5782858541488679,0.1782104190844527,-3.5470944597868512,before_GA,GA-2023-05-09,offset,5
,0.04304808826361291,0.20435518225476612,0.3446636004804001,0.0004869689309447754,0.5925538399297239,0.592911992940163,0.3448719229952208,0.5816578633956313,-1.065186408713125,before_GA,GA-2023-05-09,offset,5
,0.03299881116425065,0.08158021500003386,0.022077821981145596,1.0325539981658593e-06,0.13665788069942827,3.6951206088038555,0.5969667799800379,0.16155542489133567,-3.8131817045969614,before_GA,GA-2023-05-09,offset,5
,0.011426205888676691,0.038368930559555106,0.01349602201278255,1.9872529627863802e-07,0.06329135718631063,2.8429807333756987,0.6062270152717467,0.21323641351305422,-4.305360302680038,before_GA,GA-2023-05-09,offset,5
,0.03080940829194975,0.044705105203038165,0.04126123193353781,8.174149273641247e-07,0.1167765628434531,1.0834651101801231,0.38282600647330567,0.35333487241657635,-3.1878319139675635,before_GA,GA-2023-05-09,offset,8
,0.0014803454713604037,0.00114075305964982,0.00039417466540100736,5.412866377798511e-09,0.003015278609277609,2.8940293727129647,0.3783242636815966,0.1307257857327627,-7.838716433700079,before_GA,GA-2023-05-09,offset,8
,0.002364507423476259,0.04646054669837428,0.010518306070444966,1.2530373735193864e-07,0.059343485496032855,4.417113020595798,0.7829089631326119,0.17724449419385924,-4.554638104557353,before_GA,GA-2023-05-09,offset,8
,0.01544595143083446,0.014162770234228197,0.005212063284653122,1.7501870411395883e-07,0.03482095996841989,2.717305884587081,0.40673118280118675,0.14968178043856598,-5.256779477687896,before_GA,GA-2023-05-09,offset,8
,0.025910757994820583,0.018006820506987813,0.015562513287301924,6.442341248952003e-05,0.05954451520159985,1.1570637836293638,0.30240938978211723,0.2613593079834797,-4.162890250955042,before_GA,GA-2023-05-09,offset,8
,0.0053171154443348995,0.004098465003905518,0.0009411750156978826,1.2451518611998062e-07,0.01035687997912442,4.354625798121618,0.39572390644349303,0.09087437699335495,-6.968381446620766,before_GA,GA-2023-05-09,offset,8
,0.015091008381925574,0.013957645104887919,0.004761684745659871,4.7893814553285507e-08,0.033810386126287915,2.931240905356005,0.41282122755870304,0.14083497088362482,-5.347153735196306,before_GA,GA-2023-05-09,onset,5
,0.037456242083301956,0.014465388697936862,0.004787682781984728,3.6469733788483593e-07,0.05670967826056143,3.021375758721477,0.255077953915968,0.0844244391581094,-5.341708746199529,before_GA,GA-2023-05-09,onset,5
,0.04139308573254328,0.031039519977299944,0.010629786109446596,8.598552435892278e-08,0.08306247780481417,2.9200512275327344,0.3736888279475446,0.12797338088595414,-4.544095208237436,before_GA,GA-2023-05-09,onset,5
,0.046265631447034626,0.06419052399442603,0.03575194187210228,5.109481510817956e-07,0.14620860826171403,1.7954416077330544,0.43903382131594276,0.24452692831947456,-3.331150693216532,before_GA,GA-2023-05-09,onset,5
,0.014688343850453766,0.01088833400194373,0.0036450151938857023,2.1418636223978918e-07,0.02922190723264544,2.987184805212408,0.3726086020073241,0.12473570478704588,-5.614394745111629,before_GA,GA-2023-05-09,onset,5
,0.018988597441823497,0.010854218626528994,0.0054923579129751345,2.1480091916995884e-07,0.0353353887822468,1.9762402229627118,0.30717699735576054,0.15543504974068956,-5.204397623320937,before_GA,GA-2023-05-09,onset,5
,0.007259044032578701,0.004201007819377029,0.00370932866092759,8.356676425827473e-08,0.015169464079647579,1.1325520608698194,0.2769384466926157,0.2445260189451443,-5.596904372664804,before_GA,GA-2023-05-09,onset,8
,0.005982231465608797,0.00638379501983675,0.006588521664846085,7.434571591141431e-07,0.018955291607450745,0.9689267706135534,0.336781683555186,0.34758218450495054,-5.0224262857023545,before_GA,GA-2023-05-09,onset,8
,0.00926489614762651,0.010401752779126621,0.0074420274657677294,1.9181125626428047e-07,0.027108868203777125,1.3977041642177763,0.38370295288378464,0.274523724481084,-4.900611958421178,before_GA,GA-2023-05-09,onset,8
,0.001870427614277471,0.0033949467167081757,0.0016522844651055144,4.7382136717125215e-08,0.006917706178227878,2.0546986844007975,0.49076191287122084,0.23884860422458465,-6.405596424333302,before_GA,GA-2023-05-09,onset,8
,0.018418292765184304,0.021095432801432255,0.02302602630084174,3.6343667990695815e-07,0.06254011530413821,0.9161560282184291,0.3373104238590426,0.3681801063023965,-3.771130124507668,before_GA,GA-2023-05-09,onset,8
,0.015937882660233025,0.01202627103674207,0.012839307086507516,1.3674881587749344e-07,0.04080359753229849,0.9366760180835737,0.2947355567661052,0.31466115399124883,-4.355243947401768,before_GA,GA-2023-05-09,onset,8
,0.016960933079025492,0.04257082775852715,0.021151824753533718,1.631573997840798e-07,0.08068374874848615,2.0126314516394186,0.5276258034468917,0.2621571887973361,-3.8560291004486524,after_GA,GA-2023-05-09,offset,8
,0.009703827235052734,0.006445560006533877,0.0029545117095722013,1.8888163457438499e-07,0.01910408783279339,2.181599072919959,0.3373916652262068,0.15465337761380019,-5.824421883885603,after_GA,GA-2023-05-09,offset,8
,0.020681306298745837,0.024496112515761333,0.012742151815430872,1.2526043910369851e-07,0.05791969589037714,1.9224470772743658,0.4229323400130482,0.21999687014150693,-4.362839740790394,after_GA,GA-2023-05-09,offset,8
,0.0062938417479336635,0.003679707041444615,0.001298729660189672,2.3121564150415008e-07,0.011272509665209455,2.8333125470524902,0.32643192605115784,0.11521211325264721,-6.646368676740135,after_GA,GA-2023-05-09,offset,8
,0.006392523961952118,0.010446482520442928,0.004512027833235451,2.642380014784388e-07,0.021351298553631975,2.315252233927831,0.489266846894702,0.21132334513059067,-5.401008596091875,after_GA,GA-2023-05-09,offset,8
,0.004369299190597056,0.011172522863114846,0.004692525565151285,6.425597356567364e-08,0.020234411874836752,2.380918912000568,0.5521545638303849,0.23190817673267033,-5.361784341430804,after_GA,GA-2023-05-09,offset,8
,0.01877505035574761,0.05994395924004202,0.01928386244928429,5.667375982677575e-07,0.09800343878267219,3.1085037760299317,0.6116515908484693,0.19676720213917467,-3.9484866753575685,after_GA,GA-2023-05-09,offset,5
,0.016094817474844918,0.009727532804843201,0.0035802744748505704,4.953210806810355e-06,0.029407577965345502,2.7169796263313577,0.33078320208166506,0.12174666268230726,-5.632315812555769,after_GA,GA-2023-05-09,offset,5
,0.04486779717755323,0.03913375401614889,0.011911793039952535,4.058468693491801e-07,0.095913750080524,3.285294991685385,0.4080098420017391,0.12419275682529395,-4.4302263578319065,after_GA,GA-2023-05-09,offset,5
,0.017437851032684748,0.014619807321093919,0.002740933535151363,1.9293331504393392e-08,0.03479861118226153,5.333878816688113,0.42012617240731476,0.07876560132803645,-5.899456710349734,after_GA,GA-2023-05-09,offset,5
,0.03411222357736306,0.03308317958108185,0.004577587547963515,2.4207181601783086e-07,0.07177323277822445,7.227208487973091,0.4609403575746288,0.0637784780031857,-5.386583155882825,after_GA,GA-2023-05-09,offset,5
,0.029897190014950552,0.03922853532634388,0.020392114223821707,5.9619614409950535e-05,0.08957745917952609,1.9237110431893225,0.4379286450592918,0.22764783027561636,-3.892607010520435,after_GA,GA-2023-05-09,offset,5
,0.021048701684225582,0.011061090681005945,0.004260211170212299,3.446747926823523e-05,0.03640447101471206,2.596371456501002,0.30383879706797146,0.1170243942973551,-5.458436549457063,after_GA,GA-2023-05-09,onset,8
,0.013849297807302447,0.015983055524679764,0.00630144032986512,1.7922158538393167e-05,0.036151715820385726,2.5364130560642595,0.44211056548710254,0.1743054288535809,-5.066977047926971,after_GA,GA-2023-05-09,onset,8
,0.009974674539144229,0.009573491616768192,0.005968003991495031,2.5763242322701734e-05,0.025541933389730154,1.604136262377056,0.3748146810459337,0.23365513880380856,-5.121342747264709,after_GA,GA-2023-05-09,onset,8
,0.004937276853827407,0.003535557807441448,0.0020253478761141927,2.5446903174730674e-07,0.010498437006414793,1.745654585633321,0.33676992158748376,0.19291899116760497,-6.202013802504287,after_GA,GA-2023-05-09,onset,8
,0.03376859589214915,0.01542118614161676,0.004827427956513014,3.4626121773441403e-06,0.05402067260245627,3.19449327479056,0.2854682364861109,0.08936260368393702,-5.333441467333187,after_GA,GA-2023-05-09,onset,8
,0.007890575450082189,0.024718954954041972,0.012591242747616648,4.990838731347444e-07,0.045201272235613946,1.9631862755343141,0.5468641419027578,0.2785594768656986,-4.37475372669352,after_GA,GA-2023-05-09,onset,8
,0.02161640800045836,0.04159836072147071,0.02936362248961001,3.520764835891721e-07,0.09257874328802268,1.4166631087901305,0.4493295031242066,0.31717456347680745,-3.5279987010480243,after_GA,GA-2023-05-09,onset,5
,0.01588765105041487,0.018102433327431333,0.007814801849624834,7.098876409957627e-06,0.04181198510388099,2.316428960806009,0.43294843051474885,0.1869033921783222,-4.851735670564522,after_GA,GA-2023-05-09,onset,5
,0.010728075355322463,0.007632971229072652,0.005125814730691659,1.299690728091677e-05,0.023499858222367692,1.4891235111111176,0.32480924594717,0.21812109171845104,-5.2734657947500745,after_GA,GA-2023-05-09,onset,5
,0.011623765712252807,0.012060440146880451,0.002048889028513925,2.1581576837024057e-06,0.025735253045330884,5.886331557755463,0.4686349936267117,0.07961410073974977,-6.190457570043201,after_GA,GA-2023-05-09,onset,5
,0.004493792083075765,0.004759058337781961,0.0020254917306448995,3.978193543468555e-08,0.011278381933438062,2.3495817167650035,0.42196286363315477,0.17959063122696145,-6.201942777953956,after_GA,GA-2023-05-09,onset,5
,0.015448842577649575,0.016259056504515014,0.00814119597823244,8.374966170900494e-08,0.03984917881005874,1.9971336580015688,0.4080148447227449,0.20430021951110913,-4.810818183687485,after_GA,GA-2023-05-09,onset,5
,0.024406999896092737,0.012422025394144243,0.012209232399269413,4.0231694508297885e-05,0.0490784893840147,1.0174288594004945,0.2531052921565717,0.24876952311507103,-4.405562859398411,before_GA,GA-2023-05-23,onset,8
,0.029318051322479523,0.040600189398861286,0.024786478779132693,4.813185756354441e-05,0.09475285135803704,1.637997464691995,0.42848514653609454,0.2615908484428978,-3.6974569850113426,before_GA,GA-2023-05-23,onset,8
,0.06659699448022104,0.05855355535527601,0.05246861712144361,9.801671179504461e-07,0.1776201471240586,1.1159729104304053,0.32965604579968816,0.2953978924744216,-2.9475400572351083,before_GA,GA-2023-05-23,onset,8
,0.004369994142620342,0.012208072143283497,0.013492221600289442,1.4976230985898987e-07,0.03007043764850314,0.9048229791172124,0.40598252296774257,0.4486872375454457,-4.305641937348282,before_GA,GA-2023-05-23,onset,8
,0.002643164412690685,0.0035183906849031886,0.0015152012834537462,1.624638048811977e-06,0.007678381019096432,2.3220615790948758,0.45822038215514627,0.19733343261885308,-6.4922069884804525,before_GA,GA-2023-05-23,onset,8
,0.010148903731149676,0.011629123008059912,0.010356143598397776,5.9701012698644324e-05,0.032193871350306005,1.1229202161564351,0.36122164002961316,0.3216805921136707,-4.570175350986029,before_GA,GA-2023-05-23,onset,8
,0.03873689654733189,0.0769957239418226,0.013189149344389833,7.263323809454401e-07,0.12892249616592524,5.837808180902408,0.5972248927194824,0.10230293189029784,-4.328360806797401,before_GA,GA-2023-05-23,onset,5
,0.025045147016069476,0.02070628978638558,0.0067208478949773035,7.54300521373377e-08,0.05247236012748449,3.0809043903314683,0.39461327327527307,0.12808358302635203,-5.002540957558643,before_GA,GA-2023-05-23,onset,5
,0.00950144589940444,0.005788684290790466,0.0039660704750330514,3.979442146877347e-08,0.019256240459649427,1.459551545347218,0.3006134194740863,0.20596286608197334,-5.529979479240837,before_GA,GA-2023-05-23,onset,5
,0.013528668025861475,0.016797784169733977,0.0036742434089605744,1.4383146241253984e-05,0.03401507875079728,4.5717668374306175,0.4938334640586493,0.10801807739088222,-5.606408042625296,before_GA,GA-2023-05-23,onset,5
,0.014016196542216414,0.016096688214114765,0.0029697139186781693,1.746495524450018e-06,0.0330843451705338,5.420282442990152,0.4865348892699591,0.08976190713072091,-5.819289654484336,before_GA,GA-2023-05-23,onset,5
,0.012803974279548368,0.0016175478454438334,0.0006566866186650024,1.1069239348519517e-07,0.01507831943605069,2.463195989484595,0.10727640121328409,0.04355171154518276,-7.328303641608116,before_GA,GA-2023-05-23,onset,5
,0.0022822521868407415,0.002583991872902857,0.0008277781799235557,6.740347885605657e-07,0.005694696274455715,3.121599403769601,0.45375411582417163,0.14535949592898573,-7.096765338113315,before_GA,GA-2023-05-23,offset,5
,0.02486507034617154,0.012513426070781906,0.004092432178201215,2.845981414944139e-06,0.0414737745765696,3.0576990713336754,0.30171900673471136,0.0986751801586252,-5.498615821073479,before_GA,GA-2023-05-23,offset,5
,0.0018558704505133783,0.047092772242281276,0.008018145739399199,2.008200911960413e-06,0.05696879663310581,5.873274666345731,0.8266415129947582,0.14074627187648334,-4.8260480883993,before_GA,GA-2023-05-23,offset,5
,0.011067868063517387,0.017562890583204222,0.0034596210047743974,2.9299443449761526e-07,0.032090672645930504,5.076536001766327,0.5472895746680901,0.10780768115850387,-5.666596232104402,before_GA,GA-2023-05-23,offset,5
,0.009809124470001391,0.011370964086889057,0.0035548540263502073,1.7630013771312464e-07,0.02473511888337837,3.1987147721403635,0.45970929594076765,0.14371687652324225,-5.639441278074844,before_GA,GA-2023-05-23,offset,5
,0.004845522417628831,0.0035921536121904505,0.0013896144069105952,4.205574343137912e-08,0.009827332492473308,2.585000266495914,0.3655268217435055,0.14140301124184942,-6.57872897542374,before_GA,GA-2023-05-23,offset,5
,0.029645389599516417,0.058952725463476456,0.056073051059663655,6.894273148431553e-07,0.14467185554997136,1.0513557644785323,0.4074927029819804,0.38758783349049786,-2.881099955137716,before_GA,GA-2023-05-23,offset,8
,0.0675776724981032,0.08526233354747811,0.031078729699854573,3.6114367594233395e-07,0.18391909688911182,2.7434304545554538,0.46358608208523516,0.1689804388208393,-3.471231626266022,before_GA,GA-2023-05-23,offset,8
,0.004277285381186743,0.011837594547897077,0.002124153772493559,1.88300466004358e-08,0.01823905253162398,5.5728519757780255,0.6490246424463296,0.11646184848750075,-6.154381780627187,before_GA,GA-2023-05-23,offset,8
,0.02577178488609295,0.002315064447338465,0.0014750992917059505,9.917068631273454e-08,0.02956204779582368,1.5694295701688634,0.07831204601683653,0.0498984137328383,-6.519029975045188,before_GA,GA-2023-05-23,offset,8
,0.013847940964726971,0.059620153034939845,0.0069679170781653975,7.974775743493756e-07,0.08043680855540657,8.556380962363203,0.7412048551612068,0.08662597638201606,-4.966438939880845,before_GA,GA-2023-05-23,offset,8
,0.00976544815694219,0.03139160266896143,0.017045989483395366,9.940595909044429e-08,0.058203139715258076,1.8415828954687694,0.5393455202337144,0.29287061774996864,-4.071840323836618,before_GA,GA-2023-05-23,offset,8
,0.032526396961518135,0.010519209013219196,0.006584396083995962,8.242907092809053e-07,0.049630826349442575,1.5975966328616216,0.21194910072935633,0.13266746835195328,-5.023052658851214,after_GA,GA-2023-05-23,offset,5
,0.019104012071176357,0.06566755743864042,0.04067974750432804,8.821302474386109e-07,0.12545219914439223,1.614256760852654,0.5234468417971594,0.32426492147424774,-3.202024914695966,after_GA,GA-2023-05-23,offset,5
,0.006116579638122259,0.008153027862952538,0.0019541911483009007,1.7309307044143746e-08,0.01622381595868274,4.1720728650527885,0.5025345383426371,0.12045200421883775,-6.237778906041149,after_GA,GA-2023-05-23,offset,5
,0.007029656386472944,0.008980235334547478,0.0016812635071605502,1.2600253942294996e-07,0.017691281230720397,5.341361003971355,0.5076079690007731,0.09503345095442182,-6.388209680647557,after_GA,GA-2023-05-23,offset,5
,0.008118133977233757,0.005486050401826625,0.0011438092737721252,9.576830654443322e-08,0.014748089421139051,4.796298235749032,0.37198380381144425,0.07755643738724934,-6.773391118654303,after_GA,GA-2023-05-23,offset,5
,0.02043287461576546,0.09318285271803436,0.022459686747350924,3.80250362519236e-07,0.1360757943315133,4.148893694121762,0.6847863955217383,0.16505276972797775,-3.7960332769039673,after_GA,GA-2023-05-23,offset,5
,0.008744823334851614,0.006077734617481406,0.0027507194295612507,4.8797453981402276e-08,0.017573326179348252,2.2095072845909356,0.345849986249263,0.1565281040986896,-5.895892790768237,after_GA,GA-2023-05-23,offset,8
,0.012720042381895391,0.0143280345503509,0.004153606192459952,1.7025339904600506e-07,0.03120185337810529,3.449540925752808,0.4592045984167419,0.13312049582844931,-5.483778360029926,after_GA,GA-2023-05-23,offset,8
,0.0009661918728499303,0.001530399383583406,0.00036741681143388376,1.0832673667781072e-08,0.002864018900540888,4.165294934684281,0.5343538002819676,0.12828714620720374,-7.909013628380668,after_GA,GA-2023-05-23,offset,8
,0.013476229037926382,0.0170262059919404,0.003874192448417533,6.959435613187591e-08,0.03437669707264045,4.394775483828892,0.4952833588393555,0.11269821647586108,-5.553418038303588,after_GA,GA-2023-05-23,offset,8
,0.010966180749844097,0.003958539046649775,0.0012117560390354635,4.169922191768771e-07,0.016136892827748512,3.26677888876106,0.24530986782305395,0.0750922777990918,-6.715684699520683,after_GA,GA-2023-05-23,offset,8
,0.027132475838039516,0.01030023483732203,0.002152306891245775,8.245516857361078e-07,0.03958584211829306,4.785672005798466,0.26019996761827574,0.054370622830609686,-6.1412150393938605,after_GA,GA-2023-05-23,offset,8
,,,0.08825746185471903,0.00011815491283943145,0.08837561676755847,,,0.9986630371910139,-2.4274970331486347,after_GA,GA-2023-05-23,onset,5
,0.016292413458136524,0.058774211088789274,0.02244235042086052,8.513090763592397e-06,0.09751748805854991,2.618897307394225,0.6027043175425211,0.2301366746381535,-3.7968054613501603,after_GA,GA-2023-05-23,onset,5
,0.03613985317379909,0.04806722215380857,0.011764360552170526,5.473151945679298e-06,0.09597690903172387,4.0858338148213384,0.5008206936308044,0.12257490547316933,-4.442680609986631,after_GA,GA-2023-05-23,onset,5
,0.022075073932922143,0.055733838556982086,0.015419727428185849,3.187378806236805e-07,0.0932289586559707,3.614450308317755,0.5978168088592364,0.16539632803458668,-4.172107587515128,after_GA,GA-2023-05-23,onset,5
,0.0215734534882173,0.08505511450620648,0.07342831282296013,1.6759600632033552e-06,0.18005855677744712,1.1583422148249443,0.47237474313056305,0.4078024068232299,-2.6114456844547886,after_GA,GA-2023-05-23,onset,5
,0.013416521861789136,0.010086475396955244,0.0022761963200842728,4.6766440827303184e-06,0.02578387022291138,4.431285345625112,0.3911932269963284,0.08827985482418614,-6.085249509810406,after_GA,GA-2023-05-23,onset,5
,0.007446170108821427,0.004146763383117178,0.00325586165363802,1.037854312952339e-06,0.014849832999889578,1.2736300937368412,0.2792464658119733,0.2192524086743757,-5.727298321413468,after_GA,GA-2023-05-23,onset,8
,0.023201103704304105,0.037048275057852714,0.011567121521618613,8.25332620418008e-05,0.07189903354581723,3.202894945696781,0.5152819618116831,0.16088006960827275,-4.459588556835011,after_GA,GA-2023-05-23,onset,8
,0.03182158931118623,0.02742150516935877,0.010746160552998084,8.179456858178578e-06,0.06999743449040126,2.5517490674107237,0.3917501458302601,0.15352220593844343,-4.533206746065168,after_GA,GA-2023-05-23,onset,8
,0.006897251677032401,0.05037596881908407,0.023275762758901485,1.32049383521135e-06,0.08055030374885316,2.1643101169614085,0.6253976270052402,0.2889593418725361,-3.7603426847597863,after_GA,GA-2023-05-23,onset,8
,0.014078406348904617,0.010963894718446578,0.003188467313065803,4.8076392032144894e-06,0.028235576019620214,3.4386097274757628,0.388300727806227,0.112923756570442,-5.748214943769789,after_GA,GA-2023-05-23,onset,8
,0.04595663418555453,0.03775449326896971,0.010813975242934407,9.277495547374229e-06,0.09453438019300603,3.4912686982187786,0.3993731507192228,0.11439198332771701,-4.526915977378152,after_GA,GA-2023-05-23,onset,8
,0.030715361734154584,0.033360023102347494,0.00794230724095107,4.500427152937356e-08,0.07201773708172468,4.200293704371064,0.4632195408263248,0.11028265484012995,-4.835551461431939,before_GA,GA-2023-06-07,offset,8
,0.009347590080586053,0.00794764378654599,0.0027429896635287514,1.0462351971946983e-08,0.020038233993012765,2.897438474602799,0.39662396343496614,0.13688779482689037,-5.898706835342647,before_GA,GA-2023-06-07,offset,8
,0.014905002637102878,0.005260445235638271,0.0013538813126439536,6.581558894678306e-07,0.021519987341274572,3.8854552363717225,0.24444462499979838,0.06291273740887651,-6.604779765170214,before_GA,GA-2023-06-07,offset,8
,0.008545699604117859,0.0015391604562788688,0.0007229051849322742,8.405938671551859e-07,0.010808605839196156,2.129131853471304,0.1424013863746684,0.06688237092620607,-7.232232485577776,before_GA,GA-2023-06-07,offset,8
,0.009379172819167487,0.008265751179158249,0.0016091686872579173,1.2810151016946124e-08,0.01925410549573467,5.136659223243645,0.4292981141600864,0.08357535423364092,-6.432037576654945,before_GA,GA-2023-06-07,offset,8
,0.011194675092960623,0.010770155715137977,0.005870568743144654,1.7041162660476169e-06,0.0278371036675093,1.8346017543385054,0.3868992925333897,0.2108900700756674,-5.137803760032468,before_GA,GA-2023-06-07,offset,8
,0.002260509499818831,0.002753286781628822,0.0036880938455836395,1.3145868231048853e-05,0.00871503599526234,0.746533818526821,0.315923741809622,0.42318744840394895,-5.60264552741207,before_GA,GA-2023-06-07,onset,8
,0.024555838310973792,0.02770829482987122,0.008270316557703298,6.2325802931984605e-06,0.06054068227884151,3.3503306235675616,0.4576805841442433,0.13660758759888816,-4.795082492843166,before_GA,GA-2023-06-07,onset,8
,0.024555838310973792,0.02770829482987122,0.008270316557703298,6.2325802931984605e-06,0.06054068227884151,3.3503306235675616,0.4576805841442433,0.13660758759888816,-4.795082492843166,before_GA,GA-2023-06-07,onset,8
,0.009018643212073088,0.0072029865146488,0.003624207116659046,1.2726129533637114e-05,0.01985856297291457,1.9874654739072501,0.3627143879682067,0.1825009756044364,-5.620119741038499,before_GA,GA-2023-06-07,onset,8
,0.004487133439823758,0.003409617965327984,0.0012645588059729347,1.2627069794061536e-06,0.009162572918104083,2.6962905554278827,0.372124510855571,0.1380135052976579,-6.673031987618919,before_GA,GA-2023-06-07,onset,8
,0.02520015308065372,0.01558710110701399,0.00890010084822358,7.251750187280696e-07,0.04968808021091002,1.7513398300565444,0.3136990006627692,0.17911943489153728,-4.7216926710471645,before_GA,GA-2023-06-07,onset,8
,0.011778933107658991,0.012581603120274037,0.0032703583034276993,3.83183596636822e-08,0.02763093284972039,3.8471635071567287,0.4553448553005099,0.11835859184395192,-5.722855727161979,before_GA,GA-2023-06-07,onset,5
,0.0456928516097507,0.1505474391227688,0.19262848280126885,0.0008338813265267985,0.38970265486031513,0.781542983329655,0.38631360922273156,0.49429604956197826,-1.6469919047719237,before_GA,GA-2023-06-07,onset,5
,0.025378628679267802,0.03620469879009826,0.020283604287672657,2.2321834402951583e-07,0.08186715497538274,1.7849243298490907,0.4422371682634498,0.2477624181977728,-3.8979423898339873,before_GA,GA-2023-06-07,onset,5
,0.028078849332721947,0.0634013696437026,0.051522176983143465,7.214401055722828e-07,0.14300311739967358,1.2305646491693405,0.44335655611272234,0.36028708968033357,-2.9657429429711626,before_GA,GA-2023-06-07,onset,5
,0.03473201373298046,0.03310811438049059,0.016946114944812712,3.023728795853277e-07,0.08478654543116335,1.9537288923338234,0.3904878328528017,0.19986797266756146,-4.07771667822328,before_GA,GA-2023-06-07,onset,5
,0.014495979144944608,0.007949685996876872,0.0022499704224955225,3.075532636549221e-06,0.02469871109695355,3.5332402228023922,0.32186643123484376,0.09109667357391146,-6.096838208409758,before_GA,GA-2023-06-07,onset,5
,0.0175774986291758,0.013275669533894743,0.0029302712773674106,7.284298881992875e-06,0.03379072373931995,4.53052576955324,0.3928791119216768,0.08671821592142032,-5.832660274106771,before_GA,GA-2023-06-07,offset,5
,0.005497336702335782,0.004827889320846632,0.0011588369979770744,6.148999199489936e-07,0.011484677921079437,4.166150484731196,0.42037655335421564,0.1009028730226817,-6.760338364742142,before_GA,GA-2023-06-07,offset,5
,0.02290931236587779,0.13167906754654782,0.08000709648961454,9.073592636273874e-06,0.23460454999467642,1.645842348042722,0.5612809621532738,0.3410296027567668,-2.525639942122229,before_GA,GA-2023-06-07,offset,5
,0.003232245906522098,0.0060518516287809895,0.0011107597078913742,4.207999890570207e-08,0.010394899323193367,5.448389589382572,0.5821943474986758,0.10685622566954724,-6.802711076243731,before_GA,GA-2023-06-07,offset,5
,0.014105364570620482,0.012988643167036844,0.0033041174033155186,1.1473497655734308e-07,0.030398239875949404,3.931047714588889,0.427282738080939,0.10869436575272515,-5.712585890263575,before_GA,GA-2023-06-07,offset,5
,0.008100483108441959,0.006866511445543702,0.0013433954526248268,2.2217995361611262e-08,0.016310412224605848,5.111310621252586,0.4209894483957248,0.08236428571671436,-6.612554950112059,before_GA,GA-2023-06-07,offset,5
,0.057532316472555016,0.19816737419279448,0.2216441894676067,0.001308040768955477,0.4786519209019116,0.8940788146479096,0.414011446604858,0.4630592290321706,-1.5066819330338261,after_GA,GA-2023-06-07,offset,8
,0.029548923616340275,0.008688527612161417,0.0021722984938174943,3.4492840526529085e-08,0.04040978421515972,3.999693245145427,0.21501049265444772,0.05375674569928926,-6.131969458260055,after_GA,GA-2023-06-07,offset,8
,0.01623151042706029,0.0050389107494159,0.0016870411318813524,1.6399466798833755e-06,0.02295910225503743,2.9868333700889758,0.21947333538750707,0.07348027432175405,-6.384779094043126,after_GA,GA-2023-06-07,offset,8
,0.01961417939374299,0.005950480799688263,0.0033512527761991673,5.100510866510316e-08,0.028915963974739084,1.7755989169032536,0.20578531654302062,0.11589628411236139,-5.698421040007386,after_GA,GA-2023-06-07,offset,8
,0.02811575434218516,0.02073710798346156,0.006321163966618183,4.15778824314948e-08,0.05517406787014733,3.2805837806096165,0.37584881419775923,0.11456766213966858,-5.063851915847683,after_GA,GA-2023-06-07,offset,8
,0.012977504152206725,0.030675648340310682,0.009670873649828231,2.2042038738426956e-07,0.053324246562733026,3.1719624773358017,0.575266418517934,0.18135978046030118,-4.638636627183424,after_GA,GA-2023-06-07,offset,8
,0.06000753472625128,0.05962896853006937,0.014432400559816646,9.934106605742677e-08,0.13406900315720335,4.131604322020488,0.4447632720902019,0.10764904802711074,-4.238279561070823,after_GA,GA-2023-06-07,onset,8
,0.006024146140086244,0.00223872827391189,0.0008452959213211324,1.0004741829646887e-06,0.00910917080950223,2.6484550764339785,0.2457664172436596,0.09279614346888325,-7.075823789166868,after_GA,GA-2023-06-07,onset,8
,0.004354940020637082,0.004838037493464885,0.0012582581680310502,2.6654211578983244e-07,0.010451502224248808,3.845027686993323,0.4629035510550843,0.12039017368352388,-6.678026920748466,after_GA,GA-2023-06-07,onset,8
,0.02810726019641991,0.030220242906666424,0.0188674524078525,9.331787100930363e-06,0.07720428729803976,1.601712952729589,0.3914321854951406,0.24438348009115748,-3.9703169362490045,after_GA,GA-2023-06-07,onset,8
,0.008895619544823426,0.005294574316075656,0.0010414514387019572,1.62512198994102e-08,0.015231661550820938,5.083841760951139,0.347603201292921,0.06837411895131207,-6.867139924656618,after_GA,GA-2023-06-07,onset,8
,0.03858399990172177,0.01996952600436277,0.003969466884924382,4.883371676403401e-06,0.06252787616268533,5.030782869156796,0.3193699711214556,0.06348315549046642,-5.529123479213452,after_GA,GA-2023-06-07,onset,8
,0.034844675270618394,0.021554155591475756,0.005779068741318881,1.7969350087275725e-05,0.06219586895350031,3.7296935814881365,0.34655284915450507,0.09291724416037188,-5.153512726697535,after_GA,GA-2023-06-07,onset,5
,0.0044933554924099185,0.013474817860916123,0.003309554970102391,7.282468395747517e-08,0.02127780114811239,4.071489364172501,0.6332805616106395,0.15554027162228604,-5.710941548752516,after_GA,GA-2023-06-07,onset,5
,0.02319055215889086,0.013213989438827796,0.003691004683316887,1.7622674986478035e-05,0.040113168956022016,3.5800522005713544,0.32941773942903696,0.09201478664932984,-5.601856586087373,after_GA,GA-2023-06-07,onset,5
,0.015611167873894435,0.013886026703724774,0.0028441938697607366,5.627570152068493e-08,0.03234144472308147,4.882236352226198,0.4293570315927966,0.08794269687435732,-5.8624756013754675,after_GA,GA-2023-06-07,onset,5
,0.030754299069896487,0.01314801905295365,0.003165171391790753,3.679262818566376e-08,0.04706752630726908,4.153967487212413,0.279343744710949,0.06724745573259341,-5.75554807262761,after_GA,GA-2023-06-07,onset,5
,0.008883297446782094,0.013203504610754646,0.0017419640868597925,4.445858009060071e-08,0.023828810602976626,7.579665224072654,0.554098348874589,0.07310327468221144,-6.352742016803494,after_GA,GA-2023-06-07,onset,5
,0.011484439161463477,0.01601201381053375,0.004005032053271021,1.6628536032627672e-05,0.031518113561300874,3.9979739481626106,0.5080257668147342,0.1270708047130254,-5.520203695180228,after_GA,GA-2023-06-07,offset,5
,0.027590803959941766,0.02703992350153448,0.005360733210452432,3.774463799899177e-06,0.05999523513572858,5.0440718536060825,0.45070118385837554,0.08935264939498484,-5.228654520259878,after_GA,GA-2023-06-07,offset,5
,0.01007261624997737,0.0050541320451028705,0.0006457702965469352,4.8381126375844356e-08,0.015772566972753553,7.826516753911322,0.3204381413522397,0.040942625107408086,-7.345066695515275,after_GA,GA-2023-06-07,offset,5
,0.019458643810129385,0.019176763435267693,0.001522603810684059,1.506506345501706e-08,0.04015802612114459,12.594716564286125,0.4775325205829891,0.0379153050523655,-6.4873333763473235,after_GA,GA-2023-06-07,offset,5
,0.016231772348937985,0.008681635117606154,0.0007603978103423981,7.072491113277848e-09,0.02567381234937765,11.417227929282065,0.3381513816282373,0.029617643067365907,-7.181668826966984,after_GA,GA-2023-06-07,offset,5
,0.01362161448123722,0.014135599905079416,0.002994713485860114,1.029795376613161e-06,0.030752957667553368,4.7201844088999785,0.4596500947287263,0.09737969005237362,-5.810906716144383,after_GA,GA-2023-06-07,offset,5
,0.02526850471205895,0.011842543056571947,0.005347511009734218,1.2973652736624844e-06,0.04245985614363878,2.214589747457209,0.27891152095545113,0.1259427491144566,-5.231124058153505,before_GA,GA-2023-07-05,offset,5
,0.01827663517187399,0.01577903128774093,0.0036171839469905844,1.3396817150415994e-05,0.03768624722375592,4.362241876271935,0.41869468175102487,0.09598153738986392,-5.622059471073465,before_GA,GA-2023-07-05,offset,5
,0.05723420005721539,0.04981020238725156,0.008584421836387891,1.4983454609106636e-05,0.11564380773546394,5.8023945393869925,0.4307208778631085,0.07423157369588539,-4.757806132691106,before_GA,GA-2023-07-05,offset,5
,0.021990777919019558,0.0632113647353351,0.016022748786668227,1.8445345326680883e-07,0.10122507589447616,3.9451011544242833,0.624463495598965,0.158288335623195,-4.133745767374986,before_GA,GA-2023-07-05,offset,5
,0.004257492632892531,0.0009759254424072398,0.00039616562004434635,3.786011211485477e-08,0.005629621555456232,2.463427902446446,0.17335542590094222,0.07037162554210814,-7.8336782017093824,before_GA,GA-2023-07-05,offset,5
,0.04888621297661761,0.05442061852882624,0.01721418808496703,3.1776120221013903e-06,0.12052419720243297,3.1613816614651253,0.451532719503795,0.14282765191170704,-4.062021346535527,before_GA,GA-2023-07-05,offset,5
,0.010363422469804455,0.010011542433978608,0.001967069538900789,2.019491281313265e-06,0.022344053933965168,5.089572196605272,0.44806293717184753,0.08803548114922195,-6.231210387428992,before_GA,GA-2023-07-05,onset,5
,0.00797448316024829,0.007055356346685114,0.0030260957543063296,2.404799871235974e-06,0.01805834006111097,2.331504657988726,0.39069794470638963,0.16757330652018748,-5.800482020261266,before_GA,GA-2023-07-05,onset,5
,0.012148307467061862,0.025484374788799023,0.01660696590617847,0.00011965306836471337,0.05435930123040407,1.5345593489366889,0.468813509592084,0.30550366782290267,-4.097933038738585,before_GA,GA-2023-07-05,onset,5
,0.04439449465311867,0.02546832730856574,0.005664022266953211,5.39727860644274e-06,0.07553224150724408,4.496509036901378,0.3371848471638849,0.07498813955375587,-5.173620991286086,before_GA,GA-2023-07-05,onset,5
,0.02374363054357174,0.05827420166018232,0.06032107356142723,6.364946989065923e-07,0.14233954225988021,0.9660670511913139,0.4094027614180931,0.4237829671483306,-2.808073757671796,before_GA,GA-2023-07-05,onset,5
,0.011729243097449629,0.06048542393839901,0.05345755220053594,1.1355151176237852e-06,0.1256733547515022,1.1314663962072062,0.48129075616703876,0.4253690235789377,-2.928867356814295,before_GA,GA-2023-07-05,onset,5
,0.003976654930043193,0.003816391288672764,0.0013026937255510677,1.0914575705413559e-05,0.009106654519972437,2.929615161121888,0.41907720121618436,0.14304855012277445,-6.6433210617680425,after_GA,GA-2023-07-05,offset,5
,0.03897051245877132,0.09332105156271966,0.05292737316840366,6.397226636490525e-07,0.18521957691255828,1.7631906889803863,0.5038401076079356,0.2857547460730382,-2.9388346227510325,after_GA,GA-2023-07-05,offset,5
,0.03090288891979367,0.014786459463056765,0.0037435288637864316,2.8295793493677345e-08,0.049432905542430364,3.9498718992381017,0.29912179550855894,0.07572949278842615,-5.587726565948895,after_GA,GA-2023-07-05,offset,5
,0.007712544917191834,0.02008197130424696,0.005226540976625599,4.463796195988658e-08,0.033021101836026356,3.8423062966613233,0.6081557000722891,0.15827881827139365,-5.254005600856629,after_GA,GA-2023-07-05,offset,5
,0.01290086875385203,0.027949875113163714,0.005664206626732485,3.7112346212533966e-08,0.04651498760609444,4.9344730789397735,0.6008789113275329,0.12177164647874388,-5.173588442547704,after_GA,GA-2023-07-05,offset,5
,0.004765166727677877,0.005286644160289741,0.001133274915087557,7.791921137752004e-08,0.011185163722266554,4.664926479804147,0.4726479014129673,0.10131947490688237,-6.782643682867626,after_GA,GA-2023-07-05,offset,5
,0.007414216866289889,0.005875110716029956,0.0011275675164778053,2.638468708004183e-07,0.014417158945668451,5.210429202840201,0.4075082156040943,0.07821010510649716,-6.787692606803503,after_GA,GA-2023-07-05,onset,5
,0.009517700593074297,0.007642529104338059,0.0034992799751945108,1.4490873115504684e-05,0.02067400054572237,2.184029045550504,0.36966861287615493,0.1692599343535638,-5.655198053023311,after_GA,GA-2023-07-05,onset,5
,0.0048373454347132,0.007552111594325828,0.0015250378416878834,4.483508977493177e-06,0.013918978379704404,4.952081442101982,0.5425765733882987,0.10956535746269838,-6.485736055009067,after_GA,GA-2023-07-05,onset,5
,0.031469660350393766,0.021726005073694328,0.012616205808411593,2.1831521227633747e-07,0.06581208954771196,1.7220712315273872,0.3301217940807603,0.19170042913263208,-4.3727731161688235,after_GA,GA-2023-07-05,onset,5
,0.009390375509217256,0.010242044561183071,0.001835811416568023,4.165679772374699e-06,0.021472397166740726,5.5790286893030485,0.47698654610614677,0.0854963422254302,-6.300268706346881,after_GA,GA-2023-07-05,onset,5
,0.02993559793112759,0.012728364090689328,0.004697647880527667,1.1118041664982109e-05,0.04737272794400957,2.709518553625523,0.26868547882091876,0.09916355009320715,-5.360693346485057,after_GA,GA-2023-07-05,onset,5
